<?xml version="1.0" encoding="UTF-8"?>
<Dashboard xmlns="http://soap.sforce.com/2006/04/metadata">
    <dashboardType>SpecifiedUser</dashboardType>
    <label>Delivery Operations</label>
    <leftSection>
        <columnSize>1</columnSize>
        <dashboardComponents>
            <autoselectColumnsFromReport>false</autoselectColumnsFromReport>
            <chartAxisRange>Auto</chartAxisRange>
            <chartSummary>
                <axis>y</axis>
                <summaryChartComponents>
                    <axis>y</axis>
                    <displayFormat>Number</displayFormat>
                    <reportField>Delivery__c.Name</reportField>
                    <sortBy>RowLabelAscending</sortBy>
                    <summaryType>Count</summaryType>
                </summaryChartComponents>
            </chartSummary>
            <componentType>BarGrouped</componentType>
            <displayUnits>Auto</displayUnits>
            <enableHover>true</enableHover>
            <enableLightningCharts>false</enableLightningCharts>
            <legendPosition>Right</legendPosition>
            <reportName>Active_Deliveries_by_Status</reportName>
            <showPaginationOnBottom>false</showPaginationOnBottom>
            <showPaginationOnTop>false</showPaginationOnTop>
            <showValues>false</showValues>
            <sortBy>RowLabelAscending</sortBy>
            <title>Active Deliveries by Status</title>
            <useReportChart>false</useReportChart>
        </dashboardComponents>
    </leftSection>
    <middleSection>
        <columnSize>1</columnSize>
        <dashboardComponents>
            <autoselectColumnsFromReport>false</autoselectColumnsFromReport>
            <chartAxisRange>Auto</chartAxisRange>
            <chartSummary>
                <axis>y</axis>
                <summaryChartComponents>
                    <axis>y</axis>
                    <displayFormat>Number</displayFormat>
                    <reportField>Delivery__c.Name</reportField>
                    <sortBy>RowLabelAscending</sortBy>
                    <summaryType>Count</summaryType>
                </summaryChartComponents>
            </chartSummary>
            <componentType>Pie</componentType>
            <displayUnits>Auto</displayUnits>
            <enableHover>true</enableHover>
            <enableLightningCharts>false</enableLightningCharts>
            <legendPosition>Right</legendPosition>
            <reportName>Deliveries_by_Product_Line</reportName>
            <showPaginationOnBottom>false</showPaginationOnBottom>
            <showPaginationOnTop>false</showPaginationOnTop>
            <showValues>false</showValues>
            <sortBy>RowLabelAscending</sortBy>
            <title>Deliveries by Product Line</title>
            <useReportChart>false</useReportChart>
        </dashboardComponents>
    </middleSection>
    <rightSection>
        <columnSize>1</columnSize>
        <dashboardComponents>
            <autoselectColumnsFromReport>false</autoselectColumnsFromReport>
            <chartAxisRange>Auto</chartAxisRange>
            <chartSummary>
                <axis>y</axis>
                <summaryChartComponents>
                    <axis>y</axis>
                    <displayFormat>Number</displayFormat>
                    <reportField>Delivery__c.Utilization_Percent__c</reportField>
                    <sortBy>RowLabelAscending</sortBy>
                    <summaryType>Average</summaryType>
                </summaryChartComponents>
            </chartSummary>
            <componentType>Bar</componentType>
            <displayUnits>Auto</displayUnits>
            <enableHover>true</enableHover>
            <enableLightningCharts>false</enableLightningCharts>
            <legendPosition>Right</legendPosition>
            <reportName>JH_Utilization_Report</reportName>
            <showPaginationOnBottom>false</showPaginationOnBottom>
            <showPaginationOnTop>false</showPaginationOnTop>
            <showValues>false</showValues>
            <sortBy>RowLabelAscending</sortBy>
            <title>Average Utilization Percent</title>
            <useReportChart>false</useReportChart>
        </dashboardComponents>
    </rightSection>
    <timeFrame>None</timeFrame>
</Dashboard>

