<?xml version="1.0" encoding="UTF-8"?>
<CustomObject xmlns="http://soap.sforce.com/2006/04/metadata">
    <actionOverrides>
        <actionName>Accept</actionName>
        <type>Default</type>
    </actionOverrides>
    <actionOverrides>
        <actionName>CancelEdit</actionName>
        <type>Default</type>
    </actionOverrides>
    <actionOverrides>
        <actionName>Clone</actionName>
        <type>Default</type>
    </actionOverrides>
    <actionOverrides>
        <actionName>Delete</actionName>
        <type>Default</type>
    </actionOverrides>
    <actionOverrides>
        <actionName>Edit</actionName>
        <type>Default</type>
    </actionOverrides>
    <actionOverrides>
        <actionName>List</actionName>
        <type>Default</type>
    </actionOverrides>
    <actionOverrides>
        <actionName>New</actionName>
        <type>Default</type>
    </actionOverrides>
    <actionOverrides>
        <actionName>SaveEdit</actionName>
        <type>Default</type>
    </actionOverrides>
    <actionOverrides>
        <actionName>Tab</actionName>
        <type>Default</type>
    </actionOverrides>
    <actionOverrides>
        <actionName>View</actionName>
        <type>Default</type>
    </actionOverrides>
    <allowInChatterGroups>false</allowInChatterGroups>
    <compactLayoutAssignment>SYSTEM</compactLayoutAssignment>
    <deploymentStatus>Deployed</deploymentStatus>
    <description>Tracks post-sale delivery work and integrates with Rocketlane for project management</description>
    <enableActivities>true</enableActivities>
    <enableBulkApi>true</enableBulkApi>
    <enableChangeDataCapture>false</enableChangeDataCapture>
    <enableFeeds>false</enableFeeds>
    <enableHistory>true</enableHistory>
    <enableLicensing>false</enableLicensing>
    <enableReports>true</enableReports>
    <enableSearch>true</enableSearch>
    <enableSharing>true</enableSharing>
    <enableStreamingApi>true</enableStreamingApi>
    <externalSharingModel>Private</externalSharingModel>
    <label>Delivery</label>
    <nameField>
        <displayFormat>DEL-{0000}</displayFormat>
        <label>Delivery Name</label>
        <type>AutoNumber</type>
    </nameField>
    <pluralLabel>Deliveries</pluralLabel>
    <searchLayouts/>
    <sharingModel>ReadWrite</sharingModel>
    <visibility>Public</visibility>
</CustomObject>

