<?xml version="1.0" encoding="UTF-8"?>
<CustomField xmlns="http://soap.sforce.com/2006/04/metadata">
    <fullName>Delivery__c</fullName>
    <externalId>false</externalId>
    <label>Delivery</label>
    <required>false</required>
    <trackHistory>false</trackHistory>
    <trackTrending>false</trackTrending>
    <type>Lookup</type>
    <referenceTo>Delivery__c</referenceTo>
    <relationshipLabel>Opportunities</relationshipLabel>
    <relationshipName>Opportunities</relationshipName>
    <helpText>Related delivery record for this opportunity</helpText>
</CustomField>

