<?xml version="1.0" encoding="UTF-8"?>
<CustomField xmlns="http://soap.sforce.com/2006/04/metadata">
    <fullName>Account__c</fullName>
    <externalId>false</externalId>
    <label>Account</label>
    <required>true</required>
    <trackHistory>false</trackHistory>
    <trackTrending>false</trackTrending>
    <type>Lookup</type>
    <referenceTo>Account</referenceTo>
    <relationshipLabel>Deliveries</relationshipLabel>
    <relationshipName>Deliveries</relationshipName>
    <helpText>Auto-populated from Opportunity</helpText>
</CustomField>

