<?xml version="1.0" encoding="UTF-8"?>
<CustomField xmlns="http://soap.sforce.com/2006/04/metadata">
    <fullName>Actual_JH_Hours__c</fullName>
    <externalId>false</externalId>
    <label>Actual JH Hours</label>
    <precision>18</precision>
    <required>false</required>
    <scale>2</scale>
    <trackHistory>false</trackHistory>
    <trackTrending>false</trackTrending>
    <type>Number</type>
    <unique>false</unique>
    <helpText>Actual hours logged (synced from Rocketlane timesheet data)</helpText>
</CustomField>

