<?xml version="1.0" encoding="UTF-8"?>
<CustomField xmlns="http://soap.sforce.com/2006/04/metadata">
    <fullName>Client_Satisfaction_Score__c</fullName>
    <externalId>false</externalId>
    <label>Client Satisfaction Score</label>
    <precision>2</precision>
    <required>false</required>
    <scale>1</scale>
    <trackHistory>false</trackHistory>
    <trackTrending>false</trackTrending>
    <type>Number</type>
    <unique>false</unique>
    <helpText>1-10 scale, captured post-delivery</helpText>
</CustomField>

