<?xml version="1.0" encoding="UTF-8"?>
<CustomField xmlns="http://soap.sforce.com/2006/04/metadata">
    <fullName>Data_Complexity__c</fullName>
    <externalId>false</externalId>
    <label>Data Complexity</label>
    <required>false</required>
    <trackHistory>true</trackHistory>
    <trackTrending>false</trackTrending>
    <type>Picklist</type>
    <valueSet>
        <restrictedPicklist>true</restrictedPicklist>
        <valueSetDefinition>
            <sorted>false</sorted>
            <value>
                <fullName>Low</fullName>
                <default>false</default>
                <label>Low</label>
            </value>
            <value>
                <fullName>Medium</fullName>
                <default>false</default>
                <label>Medium</label>
            </value>
            <value>
                <fullName>High</fullName>
                <default>false</default>
                <label>High</label>
            </value>
        </valueSetDefinition>
    </valueSet>
    <helpText>Complexity of client's legal data and systems</helpText>
</CustomField>

