<?xml version="1.0" encoding="UTF-8"?>
<CustomField xmlns="http://soap.sforce.com/2006/04/metadata">
    <fullName>Expansion_Opportunities__c</fullName>
    <externalId>false</externalId>
    <label>Expansion Opportunities</label>
    <length>32000</length>
    <required>false</required>
    <trackHistory>false</trackHistory>
    <trackTrending>false</trackTrending>
    <type>LongTextArea</type>
    <visibleLines>5</visibleLines>
    <helpText>Notes on upsell/cross-sell opportunities identified during delivery</helpText>
</CustomField>

