<?xml version="1.0" encoding="UTF-8"?>
<CustomField xmlns="http://soap.sforce.com/2006/04/metadata">
    <fullName>Expected_Document_Volume__c</fullName>
    <externalId>false</externalId>
    <label>Expected Document Volume</label>
    <precision>18</precision>
    <required>false</required>
    <scale>0</scale>
    <trackHistory>false</trackHistory>
    <trackTrending>false</trackTrending>
    <type>Number</type>
    <unique>false</unique>
    <helpText>Estimated number of documents/contracts to process</helpText>
</CustomField>

