<?xml version="1.0" encoding="UTF-8"?>
<CustomField xmlns="http://soap.sforce.com/2006/04/metadata">
    <fullName>Health_Score__c</fullName>
    <externalId>false</externalId>
    <label>Health Score</label>
    <required>false</required>
    <trackHistory>true</trackHistory>
    <trackTrending>false</trackTrending>
    <type>Picklist</type>
    <valueSet>
        <restrictedPicklist>true</restrictedPicklist>
        <valueSetDefinition>
            <sorted>false</sorted>
            <value>
                <fullName>Green</fullName>
                <default>false</default>
                <label>Green</label>
            </value>
            <value>
                <fullName>Yellow</fullName>
                <default>false</default>
                <label>Yellow</label>
            </value>
            <value>
                <fullName>Red</fullName>
                <default>false</default>
                <label>Red</label>
            </value>
        </valueSetDefinition>
    </valueSet>
    <helpText>Overall project health (synced from Rocketlane)</helpText>
</CustomField>

