<?xml version="1.0" encoding="UTF-8"?>
<CustomField xmlns="http://soap.sforce.com/2006/04/metadata">
    <fullName>Opportunity__c</fullName>
    <externalId>false</externalId>
    <label>Opportunity</label>
    <required>true</required>
    <trackHistory>false</trackHistory>
    <trackTrending>false</trackTrending>
    <type>MasterDetail</type>
    <referenceTo>Opportunity</referenceTo>
    <relationshipLabel>Deliveries</relationshipLabel>
    <relationshipName>Deliveries</relationshipName>
    <relationshipOrder>0</relationshipOrder>
    <reparentableMasterDetail>false</reparentableMasterDetail>
    <writeRequiresMasterRead>false</writeRequiresMasterRead>
</CustomField>

