<?xml version="1.0" encoding="UTF-8"?>
<CustomField xmlns="http://soap.sforce.com/2006/04/metadata">
    <fullName>Rocketlane_Sync_Status__c</fullName>
    <defaultValue>Not Synced</defaultValue>
    <externalId>false</externalId>
    <label>Rocketlane Sync Status</label>
    <required>false</required>
    <trackHistory>true</trackHistory>
    <trackTrending>false</trackTrending>
    <type>Picklist</type>
    <valueSet>
        <restrictedPicklist>true</restrictedPicklist>
        <valueSetDefinition>
            <sorted>false</sorted>
            <value>
                <fullName>Not Synced</fullName>
                <default>true</default>
                <label>Not Synced</label>
            </value>
            <value>
                <fullName>Synced</fullName>
                <default>false</default>
                <label>Synced</label>
            </value>
            <value>
                <fullName>Sync Failed</fullName>
                <default>false</default>
                <label>Sync Failed</label>
            </value>
            <value>
                <fullName>Sync Pending</fullName>
                <default>false</default>
                <label>Sync Pending</label>
            </value>
        </valueSetDefinition>
    </valueSet>
</CustomField>

