<?xml version="1.0" encoding="UTF-8"?>
<CustomField xmlns="http://soap.sforce.com/2006/04/metadata">
    <fullName>Services_Revenue_Recognized__c</fullName>
    <externalId>false</externalId>
    <label>Services Revenue Recognized</label>
    <precision>16</precision>
    <required>false</required>
    <scale>2</scale>
    <trackHistory>true</trackHistory>
    <trackTrending>false</trackTrending>
    <type>Currency</type>
    <helpText>Revenue recognized to date (synced from Rocketlane or manual)</helpText>
</CustomField>

