<?xml version="1.0" encoding="UTF-8"?>
<CustomField xmlns="http://soap.sforce.com/2006/04/metadata">
    <fullName>Status__c</fullName>
    <defaultValue>Planning</defaultValue>
    <externalId>false</externalId>
    <label>Status</label>
    <required>true</required>
    <trackHistory>true</trackHistory>
    <trackTrending>false</trackTrending>
    <type>Picklist</type>
    <valueSet>
        <restrictedPicklist>true</restrictedPicklist>
        <valueSetDefinition>
            <sorted>false</sorted>
            <value>
                <fullName>Planning</fullName>
                <default>true</default>
                <label>Planning</label>
            </value>
            <value>
                <fullName>In Progress</fullName>
                <default>false</default>
                <label>In Progress</label>
            </value>
            <value>
                <fullName>At Risk</fullName>
                <default>false</default>
                <label>At Risk</label>
            </value>
            <value>
                <fullName>On Hold</fullName>
                <default>false</default>
                <label>On Hold</label>
            </value>
            <value>
                <fullName>Completed</fullName>
                <default>false</default>
                <label>Completed</label>
            </value>
            <value>
                <fullName>Cancelled</fullName>
                <default>false</default>
                <label>Cancelled</label>
            </value>
        </valueSetDefinition>
    </valueSet>
</CustomField>

