<?xml version="1.0" encoding="UTF-8"?>
<CustomField xmlns="http://soap.sforce.com/2006/04/metadata">
    <fullName>Utilization_Percent__c</fullName>
    <externalId>false</externalId>
    <formula>IF(Planned_JH_Hours__c &gt; 0, Actual_JH_Hours__c / Planned_JH_Hours__c, 0)</formula>
    <formulaTreatBlanksAs>BlankAsZero</formulaTreatBlanksAs>
    <label>Utilization Percent</label>
    <precision>5</precision>
    <required>false</required>
    <scale>2</scale>
    <trackHistory>false</trackHistory>
    <trackTrending>false</trackTrending>
    <type>Percent</type>
</CustomField>

